Timestamp,เสื้อกันฝน,เต็นท์,เครื่อง Playstation,รองเท้า Vans,หูฟัง Bluetooth,โรบอทดูดฝุ่น,แผ่นไวนิล ,E-Book,ยาดม,ลำโพงฟังเพลง,เครื่องฟอกอากาศในรถ,Pesto Sauce,มาสคาร่า,Milo Cereal Bar,น้ำวิตามิน,น้ำอัดลม
10/20/2020 10:10:07,เคยซื้อ,เคยซื้อ,ไม่เคยซื้อ,ไม่เคยซื้อ,เคย,ไม่เคยซื้อ,ไม่เคยซื้อ,ไม่เคยซื้อ,เคยซื้อ,เคยซื้อ,,ไม่เคยซื้อ,ไม่เคยซื้อ,ไม่เคยซื้อ,ไม่เคยซื้อ,เคยซื้อ
10/20/2020 10:10:09,เคยซื้อ,เคยซื้อ,เคยซื้อ,ไม่เคยซื้อ,เคย,ไม่เคยซื้อ,ไม่เคยซื้อ,เคยซื้อ,เคยซื้อ,เคยซื้อ,ไม่เคยซื้อ,ไม่เคยซื้อ,ไม่เคยซื้อ,ไม่เคยซื้อ,เคยซื้อ,เคยซื้อ
10/20/2020 10:10:28,เคยซื้อ,ไม่เคยซื้อ,เคยซื้อ,ไม่เคยซื้อ,เคย,ไม่เคยซื้อ,ไม่เคยซื้อ,เคยซื้อ,เคยซื้อ,เคยซื้อ,ไม่เคยซื้อ,เคยซื้อ,ไม่เคยซื้อ,เคยซื้อ,ไม่เคยซื้อ,ไ่ม่เคยซื้อ
10/20/2020 10:10:31,เคยซื้อ,ไม่เคยซื้อ,ไม่เคยซื้อ,ไม่เคยซื้อ,เคย,ไม่เคยซื้อ,ไม่เคยซื้อ,ไม่เคยซื้อ,เคยซื้อ,เคยซื้อ,ไม่เคยซื้อ,ไม่เคยซื้อ,เคยซื้อ,เคยซื้อ,เคยซื้อ,เคยซื้อ
10/20/2020 10:10:35,เคยซื้อ,ไม่เคยซื้อ,ไม่เคยซื้อ,เคยซื้อ,ไม่เคย,ไม่เคยซื้อ,ไม่เคยซื้อ,เคยซื้อ,ไม่เคยซื้อ,ไม่เคยซื้อ,เคยซื้อ,ไม่เคยซื้อ,ไม่เคยซื้อ,เคยซื้อ,เคยซื้อ,เคยซื้อ
10/20/2020 10:10:37,เคยซื้อ,ไม่เคยซื้อ,เคยซื้อ,เคยซื้อ,เคย,เคยซื้อ,เคยซื้อ,เคยซื้อ,เคยซื้อ,เคยซื้อ,ไม่เคยซื้อ,ไม่เคยซื้อ,ไม่เคยซื้อ,เคยซื้อ,เคยซื้อ,เคยซื้อ
10/20/2020 10:10:45,ไม่เคยซื้อ,ไม่เคยซื้อ,เคยซื้อ,เคยซื้อ,เคย,ไม่เคยซื้อ,ไม่เคยซื้อ,ไม่เคยซื้อ,เคยซื้อ,เคยซื้อ,ไม่เคยซื้อ,ไม่เคยซื้อ,เคยซื้อ,ไม่เคยซื้อ,เคยซื้อ,เคยซื้อ
10/20/2020 10:10:50,เคยซื้อ,ไม่เคยซื้อ,เคยซื้อ,เคยซื้อ,เคย,เคยซื้อ,ไม่เคยซื้อ,เคยซื้อ,เคยซื้อ,เคยซื้อ,เคยซื้อ,ไม่เคยซื้อ,เคยซื้อ,เคยซื้อ,เคยซื้อ,เคยซื้อ
10/20/2020 10:10:55,เคยซื้อ,ไม่เคยซื้อ,เคยซื้อ,ไม่เคยซื้อ,ไม่เคย,ไม่เคยซื้อ,เคยซื้อ,เคยซื้อ,ไม่เคยซื้อ,เคยซื้อ,ไม่เคยซื้อ,ไม่เคยซื้อ,ไม่เคยซื้อ,ไม่เคยซื้อ,เคยซื้อ,เคยซื้อ
10/20/2020 10:11:04,ไม่เคยซื้อ,ไม่เคยซื้อ,ไม่เคยซื้อ,ไม่เคยซื้อ,เคย,ไม่เคยซื้อ,ไม่เคยซื้อ,ไม่เคยซื้อ,ไม่เคยซื้อ,เคยซื้อ,ไม่เคยซื้อ,ไม่เคยซื้อ,ไม่เคยซื้อ,เคยซื้อ,ไม่เคยซื้อ,เคยซื้อ
10/20/2020 10:11:12,เคยซื้อ,ไม่เคยซื้อ,ไม่เคยซื้อ,ไม่เคยซื้อ,เคย,ไม่เคยซื้อ,เคยซื้อ,เคยซื้อ,เคยซื้อ,เคยซื้อ,ไม่เคยซื้อ,ไม่เคยซื้อ,ไม่เคยซื้อ,เคยซื้อ,ไม่เคยซื้อ,เคยซื้อ
10/20/2020 10:11:17,เคยซื้อ,เคยซื้อ,ไม่เคยซื้อ,ไม่เคยซื้อ,ไม่เคย,ไม่เคยซื้อ,ไม่เคยซื้อ,เคยซื้อ,เคยซื้อ,ไม่เคยซื้อ,เคยซื้อ,ไม่เคยซื้อ,เคยซื้อ,เคยซื้อ,ไม่เคยซื้อ,เคยซื้อ
10/20/2020 10:11:34,เคยซื้อ,ไม่เคยซื้อ,เคยซื้อ,ไม่เคยซื้อ,ไม่เคย,ไม่เคยซื้อ,เคยซื้อ,เคยซื้อ,เคยซื้อ,เคยซื้อ,ไม่เคยซื้อ,ไม่เคยซื้อ,ไม่เคยซื้อ,เคยซื้อ,เคยซื้อ,เคยซื้อ
10/20/2020 10:11:52,เคยซื้อ,ไม่เคยซื้อ,ไม่เคยซื้อ,ไม่เคยซื้อ,เคย,ไม่เคยซื้อ,ไม่เคยซื้อ,ไม่เคยซื้อ,เคยซื้อ,เคยซื้อ,ไม่เคยซื้อ,เคยซื้อ,ไม่เคยซื้อ,เคยซื้อ,ไม่เคยซื้อ,เคยซื้อ
10/20/2020 10:12:30,ไม่เคยซื้อ,ไม่เคยซื้อ,ไม่เคยซื้อ,เคยซื้อ,เคย,ไม่เคยซื้อ,ไม่เคยซื้อ,ไม่เคยซื้อ,ไม่เคยซื้อ,เคยซื้อ,ไม่เคยซื้อ,ไม่เคยซื้อ,ไม่เคยซื้อ,ไม่เคยซื้อ,ไม่เคยซื้อ,เคยซื้อ
10/20/2020 10:13:21,เคยซื้อ,ไม่เคยซื้อ,ไม่เคยซื้อ,เคยซื้อ,ไม่เคย,ไม่เคยซื้อ,ไม่เคยซื้อ,เคยซื้อ,เคยซื้อ,เคยซื้อ,ไม่เคยซื้อ,ไม่เคยซื้อ,เคยซื้อ,เคยซื้อ,เคยซื้อ,เคยซื้อ
10/20/2020 10:13:30,เคยซื้อ,เคยซื้อ,ไม่เคยซื้อ,ไม่เคยซื้อ,เคย,ไม่เคยซื้อ,เคยซื้อ,เคยซื้อ,เคยซื้อ,เคยซื้อ,ไม่เคยซื้อ,ไม่เคยซื้อ,เคยซื้อ,ไม่เคยซื้อ,เคยซื้อ,เคยซื้อ
10/20/2020 10:14:05,เคยซื้อ,ไม่เคยซื้อ,เคยซื้อ,ไม่เคยซื้อ,เคย,เคยซื้อ,ไม่เคยซื้อ,เคยซื้อ,ไม่เคยซื้อ,ไม่เคยซื้อ,ไม่เคยซื้อ,ไม่เคยซื้อ,เคยซื้อ,ไม่เคยซื้อ,เคยซื้อ,เคยซื้อ
10/20/2020 10:14:23,เคยซื้อ,ไม่เคยซื้อ,ไม่เคยซื้อ,เคยซื้อ,เคย,ไม่เคยซื้อ,เคยซื้อ,เคยซื้อ,เคยซื้อ,เคยซื้อ,ไม่เคยซื้อ,ไม่เคยซื้อ,ไม่เคยซื้อ,ไม่เคยซื้อ,เคยซื้อ,เคยซื้อ
10/20/2020 10:15:22,เคยซื้อ,เคยซื้อ,ไม่เคยซื้อ,ไม่เคยซื้อ,ไม่เคย,ไม่เคยซื้อ,เคยซื้อ,เคยซื้อ,เคยซื้อ,เคยซื้อ,ไม่เคยซื้อ,ไม่เคยซื้อ,เคยซื้อ,ไม่เคยซื้อ,เคยซื้อ,เคยซื้อ
10/20/2020 10:15:27,เคยซื้อ,เคยซื้อ,เคยซื้อ,ไม่เคยซื้อ,เคย,ไม่เคยซื้อ,ไม่เคยซื้อ,ไม่เคยซื้อ,เคยซื้อ,เคยซื้อ,ไม่เคยซื้อ,ไม่เคยซื้อ,ไม่เคยซื้อ,ไม่เคยซื้อ,เคยซื้อ,เคยซื้อ